AU06_r,AU12_r
2.28556006369,2.19960936306
0.679495414913,0.526734142425
1.17356958451,1.09647724079
0.207820759493,0.188259492022
