k,features,bic
1,AU12_r,2831398.349098425
2,AU12_r,476797.2829002009
3,AU12_r,171775.3559751322
4,AU12_r,73772.24919197483
5,AU12_r,19332.03236417391
6,AU12_r,-8323.135058342588
7,AU12_r,-22263.193596049387
8,AU12_r,-27008.927760901104
9,AU12_r,-29794.974551513948
