AU12_r,sigmas
0.7024873724414247,[[ 0.56774247]]
