AU12_r,sigmas
6.766216145282452e-05,[[  2.22975633e-06]]
1.6577941337113635,[[ 0.63267625]]
0.5535461817705736,[[ 0.13348728]]
