AU12_r,sigmas
6.50027054149789e-05,[[  2.21664653e-06]]
1.8411688960040624,[[ 0.59690222]]
0.17235358428689598,[[ 0.01387583]]
0.7426862168806616,[[ 0.12375157]]
