AU12_r,sigmas
0.8973826262074536,[[ 0.55038678]]
6.770425375836259e-05,[[  2.22998006e-06]]
