AU06_r,AU12_r
0.723780105855543,1.302387889146389
1.9547490982058542,2.4710668649669514
1.0878524980611797,0.5542939961701853
0.11802721678625949,0.22825952196773125
