AU06_r,AU12_r
1.8861817489025459,2.4462959701492557
0.16565600004601483,0.23767485944393962
0.9258414161363617,1.014143875089962
