AU06_r,AU12_r
0.3016689188101457,0.36806981309329884
1.414164759411012,1.702955173175416
